"epoch","SuCOS_lr_1e-5_clip_0.1_centered_rewards_seed_123 - _step","SuCOS_lr_1e-5_clip_0.1_centered_rewards_seed_123 - _step__MIN","SuCOS_lr_1e-5_clip_0.1_centered_rewards_seed_123 - _step__MAX","SuCOS_lr_1e-5_clip_0.1_centered_rewards_seed_123 - train/raw_score_max_epoch","SuCOS_lr_1e-5_clip_0.1_centered_rewards_seed_123 - train/raw_score_max_epoch__MIN","SuCOS_lr_1e-5_clip_0.1_centered_rewards_seed_123 - train/raw_score_max_epoch__MAX","SuCOS_lr_1e-5_clip_0.1_centered_rewards_seed_42 - _step","SuCOS_lr_1e-5_clip_0.1_centered_rewards_seed_42 - _step__MIN","SuCOS_lr_1e-5_clip_0.1_centered_rewards_seed_42 - _step__MAX","SuCOS_lr_1e-5_clip_0.1_centered_rewards_seed_42 - train/raw_score_max_epoch","SuCOS_lr_1e-5_clip_0.1_centered_rewards_seed_42 - train/raw_score_max_epoch__MIN","SuCOS_lr_1e-5_clip_0.1_centered_rewards_seed_42 - train/raw_score_max_epoch__MAX","SuCOS_lr_1e-5_clip_0.1_centered_rewards_seed_976 - _step","SuCOS_lr_1e-5_clip_0.1_centered_rewards_seed_976 - _step__MIN","SuCOS_lr_1e-5_clip_0.1_centered_rewards_seed_976 - _step__MAX","SuCOS_lr_1e-5_clip_0.1_centered_rewards_seed_976 - train/raw_score_max_epoch","SuCOS_lr_1e-5_clip_0.1_centered_rewards_seed_976 - train/raw_score_max_epoch__MIN","SuCOS_lr_1e-5_clip_0.1_centered_rewards_seed_976 - train/raw_score_max_epoch__MAX"
"0","1","1","1","0.4129469394683838","0.4129469394683838","0.4129469394683838","1","1","1","0.4139311909675598","0.4139311909675598","0.4139311909675598","1","1","1","0.48561325669288635","0.48561325669288635","0.48561325669288635"
"1","3","3","3","0.44128862023353577","0.44128862023353577","0.44128862023353577","3","3","3","0.43887755274772644","0.43887755274772644","0.43887755274772644","3","3","3","0.4412406384944916","0.4412406384944916","0.4412406384944916"
"2","5","5","5","0.45756620168685913","0.45756620168685913","0.45756620168685913","5","5","5","0.45020556449890137","0.45020556449890137","0.45020556449890137","5","5","5","0.4375578463077545","0.4375578463077545","0.4375578463077545"
"3","7","7","7","0.41185370087623596","0.41185370087623596","0.41185370087623596","7","7","7","0.41824036836624146","0.41824036836624146","0.41824036836624146","7","7","7","0.43213069438934326","0.43213069438934326","0.43213069438934326"
"4","9","9","9","0.48019272089004517","0.48019272089004517","0.48019272089004517","9","9","9","0.49431565403938293","0.49431565403938293","0.49431565403938293","9","9","9","0.40645283460617065","0.40645283460617065","0.40645283460617065"
"5","11","11","11","0.4128258526325226","0.4128258526325226","0.4128258526325226","11","11","11","0.44284525513648987","0.44284525513648987","0.44284525513648987","11","11","11","0.45008736848831177","0.45008736848831177","0.45008736848831177"
"6","13","13","13","0.434121310710907","0.434121310710907","0.434121310710907","13","13","13","0.43267109990119934","0.43267109990119934","0.43267109990119934","13","13","13","0.4752848148345947","0.4752848148345947","0.4752848148345947"
"7","15","15","15","0.42316633462905884","0.42316633462905884","0.42316633462905884","15","15","15","0.44070109724998474","0.44070109724998474","0.44070109724998474","15","15","15","0.48576778173446655","0.48576778173446655","0.48576778173446655"
"8","17","17","17","0.4646824896335602","0.4646824896335602","0.4646824896335602","17","17","17","0.4419706165790558","0.4419706165790558","0.4419706165790558","17","17","17","0.44245633482933044","0.44245633482933044","0.44245633482933044"
"9","20","20","20","0.4471810460090637","0.4471810460090637","0.4471810460090637","20","20","20","0.4437605142593384","0.4437605142593384","0.4437605142593384","20","20","20","0.448506236076355","0.448506236076355","0.448506236076355"
"10","22","22","22","0.45085301995277405","0.45085301995277405","0.45085301995277405","22","22","22","0.43288347125053406","0.43288347125053406","0.43288347125053406","22","22","22","0.42594921588897705","0.42594921588897705","0.42594921588897705"
"11","24","24","24","0.45792239904403687","0.45792239904403687","0.45792239904403687","24","24","24","0.4419414699077606","0.4419414699077606","0.4419414699077606","24","24","24","0.4564753472805023","0.4564753472805023","0.4564753472805023"
"12","26","26","26","0.4601757824420929","0.4601757824420929","0.4601757824420929","26","26","26","0.4607795178890228","0.4607795178890228","0.4607795178890228","26","26","26","0.45440036058425903","0.45440036058425903","0.45440036058425903"
"13","28","28","28","0.4326535761356354","0.4326535761356354","0.4326535761356354","28","28","28","0.4775502681732178","0.4775502681732178","0.4775502681732178","28","28","28","0.41729578375816345","0.41729578375816345","0.41729578375816345"
"14","30","30","30","0.43300068378448486","0.43300068378448486","0.43300068378448486","30","30","30","0.40957942605018616","0.40957942605018616","0.40957942605018616","30","30","30","0.4411342442035675","0.4411342442035675","0.4411342442035675"
"15","32","32","32","0.4124802052974701","0.4124802052974701","0.4124802052974701","32","32","32","0.46313413977622986","0.46313413977622986","0.46313413977622986","32","32","32","0.43120381236076355","0.43120381236076355","0.43120381236076355"
"16","34","34","34","0.3982667028903961","0.3982667028903961","0.3982667028903961","34","34","34","0.4580009877681732","0.4580009877681732","0.4580009877681732","34","34","34","0.4525764286518097","0.4525764286518097","0.4525764286518097"
"17","36","36","36","0.4218076467514038","0.4218076467514038","0.4218076467514038","36","36","36","0.4585472345352173","0.4585472345352173","0.4585472345352173","36","36","36","0.4524560868740082","0.4524560868740082","0.4524560868740082"
"18","38","38","38","0.46135613322257996","0.46135613322257996","0.46135613322257996","38","38","38","0.43608158826828003","0.43608158826828003","0.43608158826828003","38","38","38","0.4418516159057617","0.4418516159057617","0.4418516159057617"
"19","41","41","41","0.4170286953449249","0.4170286953449249","0.4170286953449249","41","41","41","0.4381973445415497","0.4381973445415497","0.4381973445415497","40","40","40","0.43141329288482666","0.43141329288482666","0.43141329288482666"
"20","43","43","43","0.42185163497924805","0.42185163497924805","0.42185163497924805","43","43","43","0.46071645617485046","0.46071645617485046","0.46071645617485046","42","42","42","0.46282684803009033","0.46282684803009033","0.46282684803009033"
"21","45","45","45","0.4561612010002136","0.4561612010002136","0.4561612010002136","45","45","45","0.4219449758529663","0.4219449758529663","0.4219449758529663","44","44","44","0.4424324631690979","0.4424324631690979","0.4424324631690979"
"22","47","47","47","0.45231324434280396","0.45231324434280396","0.45231324434280396","47","47","47","0.4466935098171234","0.4466935098171234","0.4466935098171234","46","46","46","0.4389464855194092","0.4389464855194092","0.4389464855194092"
"23","49","49","49","0.5272974371910095","0.5272974371910095","0.5272974371910095","49","49","49","0.470181405544281","0.470181405544281","0.470181405544281","48","48","48","0.4817623496055603","0.4817623496055603","0.4817623496055603"
"24","51","51","51","0.4321064054965973","0.4321064054965973","0.4321064054965973","51","51","51","0.477201372385025","0.477201372385025","0.477201372385025","50","50","50","0.43559470772743225","0.43559470772743225","0.43559470772743225"
"25","53","53","53","0.4514645040035248","0.4514645040035248","0.4514645040035248","53","53","53","0.42442142963409424","0.42442142963409424","0.42442142963409424","52","52","52","0.4550175070762634","0.4550175070762634","0.4550175070762634"
"26","55","55","55","0.47741034626960754","0.47741034626960754","0.47741034626960754","55","55","55","0.4116407334804535","0.4116407334804535","0.4116407334804535","54","54","54","0.43691715598106384","0.43691715598106384","0.43691715598106384"
"27","57","57","57","0.4288594126701355","0.4288594126701355","0.4288594126701355","57","57","57","0.4494539201259613","0.4494539201259613","0.4494539201259613","56","56","56","0.4179302155971527","0.4179302155971527","0.4179302155971527"
"28","59","59","59","0.44567230343818665","0.44567230343818665","0.44567230343818665","59","59","59","0.4681629240512848","0.4681629240512848","0.4681629240512848","58","58","58","0.4064107835292816","0.4064107835292816","0.4064107835292816"
"29","62","62","62","0.49411043524742126","0.49411043524742126","0.49411043524742126","62","62","62","0.4729830324649811","0.4729830324649811","0.4729830324649811","61","61","61","0.48159074783325195","0.48159074783325195","0.48159074783325195"
"30","64","64","64","0.43063557147979736","0.43063557147979736","0.43063557147979736","64","64","64","0.4317058026790619","0.4317058026790619","0.4317058026790619","63","63","63","0.4220418930053711","0.4220418930053711","0.4220418930053711"
"31","66","66","66","0.440205454826355","0.440205454826355","0.440205454826355","66","66","66","0.44755661487579346","0.44755661487579346","0.44755661487579346","65","65","65","0.44825538992881775","0.44825538992881775","0.44825538992881775"
"32","68","68","68","0.45329028367996216","0.45329028367996216","0.45329028367996216","68","68","68","0.4522077441215515","0.4522077441215515","0.4522077441215515","67","67","67","0.41335931420326233","0.41335931420326233","0.41335931420326233"
"33","70","70","70","0.4504053294658661","0.4504053294658661","0.4504053294658661","70","70","70","0.4766187369823456","0.4766187369823456","0.4766187369823456","69","69","69","0.419231653213501","0.419231653213501","0.419231653213501"
"34","72","72","72","0.4339485466480255","0.4339485466480255","0.4339485466480255","72","72","72","0.48641976714134216","0.48641976714134216","0.48641976714134216","71","71","71","0.4500330686569214","0.4500330686569214","0.4500330686569214"
"35","74","74","74","0.4248262643814087","0.4248262643814087","0.4248262643814087","74","74","74","0.4805683493614197","0.4805683493614197","0.4805683493614197","73","73","73","0.44385501742362976","0.44385501742362976","0.44385501742362976"
"36","76","76","76","0.44086191058158875","0.44086191058158875","0.44086191058158875","76","76","76","0.4799727499485016","0.4799727499485016","0.4799727499485016","75","75","75","0.42885109782218933","0.42885109782218933","0.42885109782218933"
"37","78","78","78","0.4614085257053375","0.4614085257053375","0.4614085257053375","78","78","78","0.4809490144252777","0.4809490144252777","0.4809490144252777","77","77","77","0.4308153986930847","0.4308153986930847","0.4308153986930847"
"38","80","80","80","0.4286024272441864","0.4286024272441864","0.4286024272441864","80","80","80","0.4771280884742737","0.4771280884742737","0.4771280884742737","79","79","79","0.448753297328949","0.448753297328949","0.448753297328949"
"39","83","83","83","0.43176737427711487","0.43176737427711487","0.43176737427711487","83","83","83","0.4673987925052643","0.4673987925052643","0.4673987925052643","82","82","82","0.518282949924469","0.518282949924469","0.518282949924469"
"40","85","85","85","0.41070109605789185","0.41070109605789185","0.41070109605789185","85","85","85","0.44858023524284363","0.44858023524284363","0.44858023524284363","84","84","84","0.44994595646858215","0.44994595646858215","0.44994595646858215"
"41","87","87","87","0.4313788414001465","0.4313788414001465","0.4313788414001465","87","87","87","0.46806201338768005","0.46806201338768005","0.46806201338768005","86","86","86","0.4215437173843384","0.4215437173843384","0.4215437173843384"
"42","89","89","89","0.45603010058403015","0.45603010058403015","0.45603010058403015","89","89","89","0.47337013483047485","0.47337013483047485","0.47337013483047485","88","88","88","0.432523250579834","0.432523250579834","0.432523250579834"
"43","91","91","91","0.4692254960536957","0.4692254960536957","0.4692254960536957","91","91","91","0.4467228949069977","0.4467228949069977","0.4467228949069977","90","90","90","0.4598383903503418","0.4598383903503418","0.4598383903503418"
"44","93","93","93","0.4419509768486023","0.4419509768486023","0.4419509768486023","93","93","93","0.4301055669784546","0.4301055669784546","0.4301055669784546","92","92","92","0.4471411406993866","0.4471411406993866","0.4471411406993866"
"45","95","95","95","0.4645976424217224","0.4645976424217224","0.4645976424217224","95","95","95","0.43511033058166504","0.43511033058166504","0.43511033058166504","94","94","94","0.44215813279151917","0.44215813279151917","0.44215813279151917"
"46","97","97","97","0.46923646330833435","0.46923646330833435","0.46923646330833435","97","97","97","0.45171523094177246","0.45171523094177246","0.45171523094177246","96","96","96","0.45501193404197693","0.45501193404197693","0.45501193404197693"
"47","99","99","99","0.43545347452163696","0.43545347452163696","0.43545347452163696","99","99","99","0.4543648660182953","0.4543648660182953","0.4543648660182953","98","98","98","0.4282797873020172","0.4282797873020172","0.4282797873020172"
"48","101","101","101","0.4547099471092224","0.4547099471092224","0.4547099471092224","101","101","101","0.4326934516429901","0.4326934516429901","0.4326934516429901","100","100","100","0.4898410141468048","0.4898410141468048","0.4898410141468048"
"49","104","104","104","0.4421367049217224","0.4421367049217224","0.4421367049217224","104","104","104","0.47623157501220703","0.47623157501220703","0.47623157501220703","103","103","103","0.47743168473243713","0.47743168473243713","0.47743168473243713"
"50","106","106","106","0.4719384014606476","0.4719384014606476","0.4719384014606476","106","106","106","0.47153598070144653","0.47153598070144653","0.47153598070144653","105","105","105","0.41334444284439087","0.41334444284439087","0.41334444284439087"
"51","108","108","108","0.4191087782382965","0.4191087782382965","0.4191087782382965","108","108","108","0.4429735839366913","0.4429735839366913","0.4429735839366913","107","107","107","0.4890128970146179","0.4890128970146179","0.4890128970146179"
"52","110","110","110","0.45577970147132874","0.45577970147132874","0.45577970147132874","110","110","110","0.4772270917892456","0.4772270917892456","0.4772270917892456","109","109","109","0.4174090027809143","0.4174090027809143","0.4174090027809143"
"53","112","112","112","0.4140056073665619","0.4140056073665619","0.4140056073665619","112","112","112","0.42272111773490906","0.42272111773490906","0.42272111773490906","111","111","111","0.4522664546966553","0.4522664546966553","0.4522664546966553"
"54","114","114","114","0.47274038195610046","0.47274038195610046","0.47274038195610046","114","114","114","0.42175865173339844","0.42175865173339844","0.42175865173339844","113","113","113","0.4573425352573395","0.4573425352573395","0.4573425352573395"
"55","116","116","116","0.5165409445762634","0.5165409445762634","0.5165409445762634","116","116","116","0.4323241412639618","0.4323241412639618","0.4323241412639618","115","115","115","0.4542278051376343","0.4542278051376343","0.4542278051376343"
"56","118","118","118","0.47185224294662476","0.47185224294662476","0.47185224294662476","118","118","118","0.44393765926361084","0.44393765926361084","0.44393765926361084","117","117","117","0.4166301488876343","0.4166301488876343","0.4166301488876343"
"57","120","120","120","0.49194133281707764","0.49194133281707764","0.49194133281707764","120","120","120","0.44476714730262756","0.44476714730262756","0.44476714730262756","119","119","119","0.4475993812084198","0.4475993812084198","0.4475993812084198"
"58","122","122","122","0.43869245052337646","0.43869245052337646","0.43869245052337646","122","122","122","0.43473485112190247","0.43473485112190247","0.43473485112190247","121","121","121","0.4532754421234131","0.4532754421234131","0.4532754421234131"
"59","125","125","125","0.4156186282634735","0.4156186282634735","0.4156186282634735","125","125","125","0.4465491473674774","0.4465491473674774","0.4465491473674774","124","124","124","0.4448145925998688","0.4448145925998688","0.4448145925998688"
"60","127","127","127","0.44610849022865295","0.44610849022865295","0.44610849022865295","127","127","127","0.4406394958496094","0.4406394958496094","0.4406394958496094","126","126","126","0.4230492413043976","0.4230492413043976","0.4230492413043976"
"61","129","129","129","0.4638053774833679","0.4638053774833679","0.4638053774833679","129","129","129","0.46736323833465576","0.46736323833465576","0.46736323833465576","128","128","128","0.42990002036094666","0.42990002036094666","0.42990002036094666"
"62","131","131","131","0.4380685091018677","0.4380685091018677","0.4380685091018677","131","131","131","0.4327066242694855","0.4327066242694855","0.4327066242694855","130","130","130","0.44902345538139343","0.44902345538139343","0.44902345538139343"
"63","133","133","133","0.45008158683776855","0.45008158683776855","0.45008158683776855","133","133","133","0.48113346099853516","0.48113346099853516","0.48113346099853516","132","132","132","0.4614241123199463","0.4614241123199463","0.4614241123199463"
"64","135","135","135","0.45212897658348083","0.45212897658348083","0.45212897658348083","135","135","135","0.47751402854919434","0.47751402854919434","0.47751402854919434","134","134","134","0.4513912498950958","0.4513912498950958","0.4513912498950958"
"65","137","137","137","0.4931349754333496","0.4931349754333496","0.4931349754333496","137","137","137","0.5156577229499817","0.5156577229499817","0.5156577229499817","136","136","136","0.43397608399391174","0.43397608399391174","0.43397608399391174"
"66","139","139","139","0.43361911177635193","0.43361911177635193","0.43361911177635193","139","139","139","0.4311262369155884","0.4311262369155884","0.4311262369155884","138","138","138","0.4035101532936096","0.4035101532936096","0.4035101532936096"
"67","141","141","141","0.45048394799232483","0.45048394799232483","0.45048394799232483","141","141","141","0.4342789053916931","0.4342789053916931","0.4342789053916931","140","140","140","0.42131710052490234","0.42131710052490234","0.42131710052490234"
"68","143","143","143","0.44588780403137207","0.44588780403137207","0.44588780403137207","143","143","143","0.5134926438331604","0.5134926438331604","0.5134926438331604","142","142","142","0.47576308250427246","0.47576308250427246","0.47576308250427246"
"69","146","146","146","0.45199471712112427","0.45199471712112427","0.45199471712112427","146","146","146","0.4293411076068878","0.4293411076068878","0.4293411076068878","145","145","145","0.470257043838501","0.470257043838501","0.470257043838501"
"70","148","148","148","0.4211072325706482","0.4211072325706482","0.4211072325706482","148","148","148","0.40060511231422424","0.40060511231422424","0.40060511231422424","147","147","147","0.47920462489128113","0.47920462489128113","0.47920462489128113"
"71","150","150","150","0.4405559301376343","0.4405559301376343","0.4405559301376343","150","150","150","0.43367666006088257","0.43367666006088257","0.43367666006088257","149","149","149","0.4851621687412262","0.4851621687412262","0.4851621687412262"
"72","152","152","152","0.4245469868183136","0.4245469868183136","0.4245469868183136","152","152","152","0.43267929553985596","0.43267929553985596","0.43267929553985596","151","151","151","0.4737696647644043","0.4737696647644043","0.4737696647644043"
"73","154","154","154","0.47308140993118286","0.47308140993118286","0.47308140993118286","154","154","154","0.4924318492412567","0.4924318492412567","0.4924318492412567","153","153","153","0.430148184299469","0.430148184299469","0.430148184299469"
"74","156","156","156","0.4456327557563782","0.4456327557563782","0.4456327557563782","156","156","156","0.4230814278125763","0.4230814278125763","0.4230814278125763","155","155","155","0.46311792731285095","0.46311792731285095","0.46311792731285095"
"75","158","158","158","0.4611009359359741","0.4611009359359741","0.4611009359359741","158","158","158","0.44637465476989746","0.44637465476989746","0.44637465476989746","157","157","157","0.4273136556148529","0.4273136556148529","0.4273136556148529"
"76","160","160","160","0.45425090193748474","0.45425090193748474","0.45425090193748474","160","160","160","0.43599024415016174","0.43599024415016174","0.43599024415016174","159","159","159","0.4257833659648895","0.4257833659648895","0.4257833659648895"
"77","162","162","162","0.44091877341270447","0.44091877341270447","0.44091877341270447","162","162","162","0.46206504106521606","0.46206504106521606","0.46206504106521606","161","161","161","0.47433891892433167","0.47433891892433167","0.47433891892433167"
"78","164","164","164","0.41328155994415283","0.41328155994415283","0.41328155994415283","164","164","164","0.45347458124160767","0.45347458124160767","0.45347458124160767","163","163","163","0.4450823962688446","0.4450823962688446","0.4450823962688446"
"79","167","167","167","0.4451778531074524","0.4451778531074524","0.4451778531074524","167","167","167","0.4593951404094696","0.4593951404094696","0.4593951404094696","166","166","166","0.44579100608825684","0.44579100608825684","0.44579100608825684"
"80","169","169","169","0.4268326759338379","0.4268326759338379","0.4268326759338379","169","169","169","0.42313939332962036","0.42313939332962036","0.42313939332962036","168","168","168","0.4332575500011444","0.4332575500011444","0.4332575500011444"
"81","171","171","171","0.40270286798477173","0.40270286798477173","0.40270286798477173","171","171","171","0.4303357005119324","0.4303357005119324","0.4303357005119324","170","170","170","0.4276125133037567","0.4276125133037567","0.4276125133037567"
"82","173","173","173","0.42181798815727234","0.42181798815727234","0.42181798815727234","173","173","173","0.4313291013240814","0.4313291013240814","0.4313291013240814","172","172","172","0.4289301037788391","0.4289301037788391","0.4289301037788391"
"83","175","175","175","0.4687155485153198","0.4687155485153198","0.4687155485153198","175","175","175","0.43572577834129333","0.43572577834129333","0.43572577834129333","174","174","174","0.46268317103385925","0.46268317103385925","0.46268317103385925"
"84","177","177","177","0.5009104609489441","0.5009104609489441","0.5009104609489441","177","177","177","0.4427139163017273","0.4427139163017273","0.4427139163017273","176","176","176","0.4420110285282135","0.4420110285282135","0.4420110285282135"
"85","179","179","179","0.4930896759033203","0.4930896759033203","0.4930896759033203","179","179","179","0.4258532226085663","0.4258532226085663","0.4258532226085663","178","178","178","0.4364412724971771","0.4364412724971771","0.4364412724971771"
"86","181","181","181","0.4336942434310913","0.4336942434310913","0.4336942434310913","181","181","181","0.4493117332458496","0.4493117332458496","0.4493117332458496","180","180","180","0.4033717215061188","0.4033717215061188","0.4033717215061188"
"87","183","183","183","0.4568236768245697","0.4568236768245697","0.4568236768245697","183","183","183","0.4618268609046936","0.4618268609046936","0.4618268609046936","182","182","182","0.44933533668518066","0.44933533668518066","0.44933533668518066"
"88","185","185","185","0.5165682435035706","0.5165682435035706","0.5165682435035706","185","185","185","0.4289250075817108","0.4289250075817108","0.4289250075817108","184","184","184","0.495737761259079","0.495737761259079","0.495737761259079"
"89","188","188","188","0.42658424377441406","0.42658424377441406","0.42658424377441406","188","188","188","0.42631685733795166","0.42631685733795166","0.42631685733795166","187","187","187","0.4455069303512573","0.4455069303512573","0.4455069303512573"
"90","190","190","190","0.42168912291526794","0.42168912291526794","0.42168912291526794","190","190","190","0.4776597321033478","0.4776597321033478","0.4776597321033478","189","189","189","0.42294442653656006","0.42294442653656006","0.42294442653656006"
"91","192","192","192","0.5131241679191589","0.5131241679191589","0.5131241679191589","192","192","192","0.4622552990913391","0.4622552990913391","0.4622552990913391","191","191","191","0.4255956709384918","0.4255956709384918","0.4255956709384918"
"92","194","194","194","0.4689106047153473","0.4689106047153473","0.4689106047153473","194","194","194","0.4113912284374237","0.4113912284374237","0.4113912284374237","193","193","193","0.430073082447052","0.430073082447052","0.430073082447052"
"93","196","196","196","0.4637134373188019","0.4637134373188019","0.4637134373188019","196","196","196","0.4134103059768677","0.4134103059768677","0.4134103059768677","195","195","195","0.41936832666397095","0.41936832666397095","0.41936832666397095"
"94","198","198","198","0.431719571352005","0.431719571352005","0.431719571352005","198","198","198","0.43609076738357544","0.43609076738357544","0.43609076738357544","197","197","197","0.42408961057662964","0.42408961057662964","0.42408961057662964"
"95","200","200","200","0.43338996171951294","0.43338996171951294","0.43338996171951294","200","200","200","0.5485872626304626","0.5485872626304626","0.5485872626304626","199","199","199","0.4324031472206116","0.4324031472206116","0.4324031472206116"
"96","202","202","202","0.43833813071250916","0.43833813071250916","0.43833813071250916","202","202","202","0.4412292540073395","0.4412292540073395","0.4412292540073395","201","201","201","0.392322301864624","0.392322301864624","0.392322301864624"
"97","204","204","204","0.47269943356513977","0.47269943356513977","0.47269943356513977","204","204","204","0.434939444065094","0.434939444065094","0.434939444065094","203","203","203","0.4216861426830292","0.4216861426830292","0.4216861426830292"
"98","206","206","206","0.5130729675292969","0.5130729675292969","0.5130729675292969","206","206","206","0.517960250377655","0.517960250377655","0.517960250377655","205","205","205","0.41602298617362976","0.41602298617362976","0.41602298617362976"
"99","209","209","209","0.43207675218582153","0.43207675218582153","0.43207675218582153","209","209","209","0.43023866415023804","0.43023866415023804","0.43023866415023804","208","208","208","0.4428746998310089","0.4428746998310089","0.4428746998310089"
"100","211","211","211","0.4158337116241455","0.4158337116241455","0.4158337116241455","211","211","211","0.46719488501548767","0.46719488501548767","0.46719488501548767","210","210","210","0.4245710074901581","0.4245710074901581","0.4245710074901581"
"101","213","213","213","0.48087576031684875","0.48087576031684875","0.48087576031684875","213","213","213","0.40717971324920654","0.40717971324920654","0.40717971324920654","212","212","212","0.44356289505958557","0.44356289505958557","0.44356289505958557"
"102","215","215","215","0.43608230352401733","0.43608230352401733","0.43608230352401733","215","215","215","0.42936936020851135","0.42936936020851135","0.42936936020851135","214","214","214","0.450332909822464","0.450332909822464","0.450332909822464"
"103","217","217","217","0.4149840474128723","0.4149840474128723","0.4149840474128723","217","217","217","0.4123205840587616","0.4123205840587616","0.4123205840587616","216","216","216","0.39695098996162415","0.39695098996162415","0.39695098996162415"
"104","219","219","219","0.4576040208339691","0.4576040208339691","0.4576040208339691","219","219","219","0.4567849040031433","0.4567849040031433","0.4567849040031433","218","218","218","0.41284292936325073","0.41284292936325073","0.41284292936325073"
"105","221","221","221","0.4401290714740753","0.4401290714740753","0.4401290714740753","221","221","221","0.4865778386592865","0.4865778386592865","0.4865778386592865","220","220","220","0.44602519273757935","0.44602519273757935","0.44602519273757935"
"106","223","223","223","0.4616304636001587","0.4616304636001587","0.4616304636001587","223","223","223","0.3998343050479889","0.3998343050479889","0.3998343050479889","222","222","222","0.4006226658821106","0.4006226658821106","0.4006226658821106"
"107","225","225","225","0.4458782970905304","0.4458782970905304","0.4458782970905304","225","225","225","0.41374027729034424","0.41374027729034424","0.41374027729034424","224","224","224","0.4026969373226166","0.4026969373226166","0.4026969373226166"
"108","227","227","227","0.44226160645484924","0.44226160645484924","0.44226160645484924","227","227","227","0.4169164001941681","0.4169164001941681","0.4169164001941681","226","226","226","0.4051235020160675","0.4051235020160675","0.4051235020160675"
"109","230","230","230","0.42602479457855225","0.42602479457855225","0.42602479457855225","230","230","230","0.3874572813510895","0.3874572813510895","0.3874572813510895","229","229","229","0.41822201013565063","0.41822201013565063","0.41822201013565063"
"110","232","232","232","0.46273985505104065","0.46273985505104065","0.46273985505104065","232","232","232","0.4419240951538086","0.4419240951538086","0.4419240951538086","231","231","231","0.38617923855781555","0.38617923855781555","0.38617923855781555"
"111","234","234","234","0.4219215214252472","0.4219215214252472","0.4219215214252472","234","234","234","0.4036392867565155","0.4036392867565155","0.4036392867565155","233","233","233","0.40701213479042053","0.40701213479042053","0.40701213479042053"
"112","236","236","236","0.41904714703559875","0.41904714703559875","0.41904714703559875","236","236","236","0.4022802710533142","0.4022802710533142","0.4022802710533142","235","235","235","0.42228567600250244","0.42228567600250244","0.42228567600250244"
"113","238","238","238","0.416254460811615","0.416254460811615","0.416254460811615","238","238","238","0.41906535625457764","0.41906535625457764","0.41906535625457764","237","237","237","0.41974735260009766","0.41974735260009766","0.41974735260009766"
"114","240","240","240","0.43170663714408875","0.43170663714408875","0.43170663714408875","240","240","240","0.45785006880760193","0.45785006880760193","0.45785006880760193","239","239","239","0.42077189683914185","0.42077189683914185","0.42077189683914185"
"115","242","242","242","0.41931793093681335","0.41931793093681335","0.41931793093681335","242","242","242","0.42416152358055115","0.42416152358055115","0.42416152358055115","241","241","241","0.48762497305870056","0.48762497305870056","0.48762497305870056"
"116","244","244","244","0.42464199662208557","0.42464199662208557","0.42464199662208557","244","244","244","0.41972583532333374","0.41972583532333374","0.41972583532333374","243","243","243","0.44380444288253784","0.44380444288253784","0.44380444288253784"
"117","246","246","246","0.42880362272262573","0.42880362272262573","0.42880362272262573","246","246","246","0.42754867672920227","0.42754867672920227","0.42754867672920227","245","245","245","0.4225238263607025","0.4225238263607025","0.4225238263607025"
"118","248","248","248","0.4614281952381134","0.4614281952381134","0.4614281952381134","248","248","248","0.45835623145103455","0.45835623145103455","0.45835623145103455","247","247","247","0.4703688621520996","0.4703688621520996","0.4703688621520996"
"119","251","251","251","0.41169315576553345","0.41169315576553345","0.41169315576553345","251","251","251","0.4461177885532379","0.4461177885532379","0.4461177885532379","250","250","250","0.4277828335762024","0.4277828335762024","0.4277828335762024"
"120","253","253","253","0.4489852786064148","0.4489852786064148","0.4489852786064148","253","253","253","0.4429706335067749","0.4429706335067749","0.4429706335067749","252","252","252","0.44812852144241333","0.44812852144241333","0.44812852144241333"
"121","255","255","255","0.46055006980895996","0.46055006980895996","0.46055006980895996","255","255","255","0.4209018349647522","0.4209018349647522","0.4209018349647522","254","254","254","0.4438001811504364","0.4438001811504364","0.4438001811504364"
"122","257","257","257","0.41051366925239563","0.41051366925239563","0.41051366925239563","257","257","257","0.4048354923725128","0.4048354923725128","0.4048354923725128","256","256","256","0.4220208525657654","0.4220208525657654","0.4220208525657654"
"123","259","259","259","0.42832151055336","0.42832151055336","0.42832151055336","259","259","259","0.40806031227111816","0.40806031227111816","0.40806031227111816","258","258","258","0.4393516778945923","0.4393516778945923","0.4393516778945923"
"124","261","261","261","0.45929425954818726","0.45929425954818726","0.45929425954818726","261","261","261","0.4264379143714905","0.4264379143714905","0.4264379143714905","260","260","260","0.425193190574646","0.425193190574646","0.425193190574646"
"125","263","263","263","0.46402278542518616","0.46402278542518616","0.46402278542518616","263","263","263","0.4529949128627777","0.4529949128627777","0.4529949128627777","262","262","262","0.4909060001373291","0.4909060001373291","0.4909060001373291"
"126","265","265","265","0.4540664255619049","0.4540664255619049","0.4540664255619049","265","265","265","0.409444123506546","0.409444123506546","0.409444123506546","264","264","264","0.4339396357536316","0.4339396357536316","0.4339396357536316"
"127","267","267","267","0.48264339566230774","0.48264339566230774","0.48264339566230774","267","267","267","0.40100374817848206","0.40100374817848206","0.40100374817848206","266","266","266","0.4129473865032196","0.4129473865032196","0.4129473865032196"
"128","269","269","269","0.439347505569458","0.439347505569458","0.439347505569458","269","269","269","0.4237048327922821","0.4237048327922821","0.4237048327922821","268","268","268","0.44214388728141785","0.44214388728141785","0.44214388728141785"
"129","272","272","272","0.4613616466522217","0.4613616466522217","0.4613616466522217","272","272","272","0.4908411502838135","0.4908411502838135","0.4908411502838135","271","271","271","0.4325263202190399","0.4325263202190399","0.4325263202190399"
"130","274","274","274","0.4309841990470886","0.4309841990470886","0.4309841990470886","274","274","274","0.44730180501937866","0.44730180501937866","0.44730180501937866","273","273","273","0.42599987983703613","0.42599987983703613","0.42599987983703613"
"131","276","276","276","0.47045767307281494","0.47045767307281494","0.47045767307281494","276","276","276","0.47801730036735535","0.47801730036735535","0.47801730036735535","275","275","275","0.38648930191993713","0.38648930191993713","0.38648930191993713"
"132","278","278","278","0.49254515767097473","0.49254515767097473","0.49254515767097473","278","278","278","0.42554786801338196","0.42554786801338196","0.42554786801338196","277","277","277","0.4818256199359894","0.4818256199359894","0.4818256199359894"
"133","280","280","280","0.509402871131897","0.509402871131897","0.509402871131897","280","280","280","0.48196521401405334","0.48196521401405334","0.48196521401405334","279","279","279","0.5164933204650879","0.5164933204650879","0.5164933204650879"
"134","282","282","282","0.44354090094566345","0.44354090094566345","0.44354090094566345","282","282","282","0.4246480166912079","0.4246480166912079","0.4246480166912079","281","281","281","0.43970924615859985","0.43970924615859985","0.43970924615859985"
"135","284","284","284","0.477076917886734","0.477076917886734","0.477076917886734","284","284","284","0.4097275137901306","0.4097275137901306","0.4097275137901306","283","283","283","0.48424214124679565","0.48424214124679565","0.48424214124679565"
"136","286","286","286","0.4464954137802124","0.4464954137802124","0.4464954137802124","286","286","286","0.48939114809036255","0.48939114809036255","0.48939114809036255","285","285","285","0.4432452619075775","0.4432452619075775","0.4432452619075775"
"137","288","288","288","0.4729340076446533","0.4729340076446533","0.4729340076446533","288","288","288","0.47366800904273987","0.47366800904273987","0.47366800904273987","287","287","287","0.44524744153022766","0.44524744153022766","0.44524744153022766"
"138","290","290","290","0.48236119747161865","0.48236119747161865","0.48236119747161865","290","290","290","0.4772752821445465","0.4772752821445465","0.4772752821445465","289","289","289","0.45063385367393494","0.45063385367393494","0.45063385367393494"
"139","293","293","293","0.46498554944992065","0.46498554944992065","0.46498554944992065","293","293","293","0.4389207065105438","0.4389207065105438","0.4389207065105438","292","292","292","0.4557686150074005","0.4557686150074005","0.4557686150074005"
"140","295","295","295","0.46583878993988037","0.46583878993988037","0.46583878993988037","295","295","295","0.44587287306785583","0.44587287306785583","0.44587287306785583","294","294","294","0.42603689432144165","0.42603689432144165","0.42603689432144165"
"141","297","297","297","0.44722479581832886","0.44722479581832886","0.44722479581832886","297","297","297","0.4294842481613159","0.4294842481613159","0.4294842481613159","296","296","296","0.4392696022987366","0.4392696022987366","0.4392696022987366"
"142","299","299","299","0.4640224575996399","0.4640224575996399","0.4640224575996399","299","299","299","0.45773741602897644","0.45773741602897644","0.45773741602897644","298","298","298","0.4379296898841858","0.4379296898841858","0.4379296898841858"
"143","301","301","301","0.435502827167511","0.435502827167511","0.435502827167511","301","301","301","0.46506980061531067","0.46506980061531067","0.46506980061531067","300","300","300","0.4182484447956085","0.4182484447956085","0.4182484447956085"
"144","303","303","303","0.49206438660621643","0.49206438660621643","0.49206438660621643","303","303","303","0.47387227416038513","0.47387227416038513","0.47387227416038513","302","302","302","0.44438377022743225","0.44438377022743225","0.44438377022743225"
"145","305","305","305","0.4685056209564209","0.4685056209564209","0.4685056209564209","305","305","305","0.457611620426178","0.457611620426178","0.457611620426178","304","304","304","0.4693572521209717","0.4693572521209717","0.4693572521209717"
"146","307","307","307","0.4686959385871887","0.4686959385871887","0.4686959385871887","307","307","307","0.44769418239593506","0.44769418239593506","0.44769418239593506","306","306","306","0.5080308318138123","0.5080308318138123","0.5080308318138123"
"147","309","309","309","0.4477114975452423","0.4477114975452423","0.4477114975452423","309","309","309","0.4712875783443451","0.4712875783443451","0.4712875783443451","308","308","308","0.4602459967136383","0.4602459967136383","0.4602459967136383"
"148","311","311","311","0.44712457060813904","0.44712457060813904","0.44712457060813904","311","311","311","0.4609675109386444","0.4609675109386444","0.4609675109386444","310","310","310","0.4566197991371155","0.4566197991371155","0.4566197991371155"
"149","314","314","314","0.506272554397583","0.506272554397583","0.506272554397583","314","314","314","0.44262874126434326","0.44262874126434326","0.44262874126434326","313","313","313","0.4460494816303253","0.4460494816303253","0.4460494816303253"